Date,Commits
2013-12-05,8
2013-12-04,3
2013-12-03,3
2013-12-02,7
2013-12-01,10
2013-11-30,3
2013-11-29,3
2013-11-28,0
2013-11-27,10
2013-11-26,6
2013-11-25,9
2013-11-24,2
2013-11-23,3
2013-11-22,3
2013-11-21,9
2013-11-20,5
2013-11-19,0
2013-11-18,3
2013-11-17,1
2013-11-16,4
2013-11-15,3
2013-11-14,2
2013-11-13,8
2013-11-12,4
2013-11-11,6
2013-11-10,0
2013-11-09,0
2013-11-08,7
2013-11-07,7
2013-11-06,3
2013-11-05,3
2013-11-04,3
2013-11-03,4
2013-11-02,5
2013-11-01,7
2013-10-31,6
2013-10-30,5
2013-10-29,6
2013-10-28,10
2013-10-27,3
2013-10-26,8
2013-10-25,4
2013-10-24,3
2013-10-23,8
2013-10-22,1
2013-10-21,7
2013-10-20,2
2013-10-19,1
2013-10-18,4
2013-10-17,4
2013-10-16,3
2013-10-15,10
2013-10-14,0
2013-10-13,9
2013-10-12,0
2013-10-11,0
2013-10-10,5
2013-10-09,1
2013-10-08,1
2013-10-07,7
2013-10-06,10
2013-10-05,0
2013-10-04,7
2013-10-03,4
2013-10-02,7
2013-10-01,1
2013-09-30,7
2013-09-29,6
2013-09-28,3
2013-09-27,4
2013-09-26,5
2013-09-25,4
2013-09-24,10
2013-09-23,0
2013-09-22,8
2013-09-21,3
2013-09-20,5
2013-09-19,10
2013-09-18,2
2013-09-17,4
2013-09-16,8
2013-09-15,2
2013-09-14,8
2013-09-13,4
2013-09-12,0
2013-09-11,1
2013-09-10,10
2013-09-09,8
2013-09-08,1
2013-09-07,2
2013-09-06,2
2013-09-05,6
2013-09-04,5
2013-09-03,3
2013-09-02,9
2013-09-01,9
2013-08-31,4
2013-08-30,7
2013-08-29,8
2013-08-28,4
2013-08-27,4
2013-08-26,6
2013-08-25,4
2013-08-24,8
2013-08-23,2
2013-08-22,6
2013-08-21,2
2013-08-20,10
2013-08-19,3
2013-08-18,8
2013-08-17,2
2013-08-16,4
2013-08-15,4
2013-08-14,2
2013-08-13,3
2013-08-12,9
2013-08-11,1
2013-08-10,1
2013-08-09,9
2013-08-08,8
2013-08-07,1
2013-08-06,7
2013-08-05,0
2013-08-04,5
2013-08-03,5
2013-08-02,2
2013-08-01,6
2013-07-31,10
2013-07-30,3
2013-07-29,10
2013-07-28,10
2013-07-27,5
2013-07-26,3
2013-07-25,8
2013-07-24,2
2013-07-23,3
2013-07-22,7
2013-07-21,8
2013-07-20,6
2013-07-19,9
2013-07-18,4
2013-07-17,8
2013-07-16,0
2013-07-15,3
2013-07-14,5
2013-07-13,4
2013-07-12,10
2013-07-11,7
2013-07-10,1
2013-07-09,10
2013-07-08,2
2013-07-07,5
2013-07-06,5
2013-07-05,7
2013-07-04,6
2013-07-03,8
2013-07-02,4
2013-07-01,10
2013-06-30,5
2013-06-29,8
2013-06-28,5
2013-06-27,7
2013-06-26,10
2013-06-25,2
2013-06-24,9
2013-06-23,0
2013-06-22,4
2013-06-21,8
2013-06-20,9
2013-06-19,2
2013-06-18,1
2013-06-17,5
2013-06-16,1
2013-06-15,4
2013-06-14,2
2013-06-13,9
2013-06-12,4
2013-06-11,7
2013-06-10,10
2013-06-09,10
2013-06-08,10
2013-06-07,5
2013-06-06,9
2013-06-05,0
2013-06-04,10
2013-06-03,1
2013-06-02,5
2013-06-01,1
2013-05-31,0
2013-05-30,2
2013-05-29,7
2013-05-28,8
2013-05-27,1
2013-05-26,7
2013-05-25,8
2013-05-24,8
2013-05-23,10
2013-05-22,3
2013-05-21,9
2013-05-20,10
2013-05-19,9
2013-05-18,9
2013-05-17,3
2013-05-16,1
2013-05-15,2
2013-05-14,1
2013-05-13,9
2013-05-12,0
2013-05-11,3
2013-05-10,5
2013-05-09,5
2013-05-08,3
2013-05-07,7
2013-05-06,8
2013-05-05,8
2013-05-04,3
2013-05-03,2
2013-05-02,9
2013-05-01,4
2013-04-30,0
2013-04-29,10
2013-04-28,1
2013-04-27,8
2013-04-26,1
2013-04-25,4
2013-04-24,0
2013-04-23,2
2013-04-22,4
2013-04-21,6
2013-04-20,5
2013-04-19,0
2013-04-18,9
2013-04-17,1
2013-04-16,8
2013-04-15,1
2013-04-14,2
2013-04-13,0
2013-04-12,4
2013-04-11,1
2013-04-10,8
2013-04-09,5
2013-04-08,1
2013-04-07,2
2013-04-06,7
2013-04-05,1
2013-04-04,8
2013-04-03,8
2013-04-02,0
2013-04-01,3
2013-03-31,4
2013-03-30,8
2013-03-29,8
2013-03-28,9
2013-03-27,9
2013-03-26,2
2013-03-25,1
2013-03-24,4
2013-03-23,9
2013-03-22,0
2013-03-21,5
2013-03-20,2
2013-03-19,1
2013-03-18,6
2013-03-17,4
2013-03-16,7
2013-03-15,0
2013-03-14,9
2013-03-13,1
2013-03-12,7
2013-03-11,0
2013-03-10,4
2013-03-09,8
2013-03-08,6
2013-03-07,1
2013-03-06,7
2013-03-05,6
2013-03-04,3
2013-03-03,9
2013-03-02,5
2013-03-01,9
2013-02-28,8
2013-02-27,2
2013-02-26,4
2013-02-25,10
2013-02-24,10
2013-02-23,9
2013-02-22,0
2013-02-21,4
2013-02-20,5
2013-02-19,10
2013-02-18,1
2013-02-17,4
2013-02-16,8
2013-02-15,3
2013-02-14,4
2013-02-13,8
2013-02-12,5
2013-02-11,4
2013-02-10,10
2013-02-09,8
2013-02-08,0
2013-02-07,2
2013-02-06,5
2013-02-05,5
2013-02-04,6
2013-02-03,7
2013-02-02,0
2013-02-01,4
2013-01-31,8
2013-01-30,4
2013-01-29,10
2013-01-28,5
2013-01-27,7
2013-01-26,10
2013-01-25,7
2013-01-24,4
2013-01-23,5
2013-01-22,0
2013-01-21,3
2013-01-20,2
2013-01-19,1
2013-01-18,7
2013-01-17,1
2013-01-16,3
2013-01-15,1
2013-01-14,2
2013-01-13,2
2013-01-12,3
2013-01-11,8
2013-01-10,8
2013-01-09,6
2013-01-08,1
2013-01-07,8
2013-01-06,0
2013-01-05,3
2013-01-04,1
2013-01-03,5
2013-01-02,1
2013-01-01,0
2012-12-31,8
2012-12-30,1
2012-12-29,3
2012-12-28,6
2012-12-27,2
2012-12-26,0
2012-12-25,3
2012-12-24,5
2012-12-23,1
2012-12-22,0
2012-12-21,10
2012-12-20,7
2012-12-19,8
2012-12-18,7
2012-12-17,8
2012-12-16,4
2012-12-15,5
2012-12-14,4
2012-12-13,7
2012-12-12,5
2012-12-11,0
2012-12-10,2
2012-12-09,8
2012-12-08,9
2012-12-07,3
2012-12-06,1
2012-12-05,3
2012-12-04,10
2012-12-03,7
2012-12-02,7
2012-12-01,8
2012-11-30,2
2012-11-29,2
2012-11-28,10
2012-11-27,1
2012-11-26,3
2012-11-25,0
2012-11-24,9
2012-11-23,9
2012-11-22,10
2012-11-21,5
2012-11-20,1
2012-11-19,10
2012-11-18,2
2012-11-17,0
2012-11-16,7
2012-11-15,9
2012-11-14,1
2012-11-13,7
2012-11-12,0
2012-11-11,10
2012-11-10,7
2012-11-09,0
2012-11-08,4
2012-11-07,1
2012-11-06,5
2012-11-05,2
2012-11-04,3
2012-11-03,3
2012-11-02,9
2012-11-01,8
2012-10-31,6
2012-10-30,10
2012-10-29,9
2012-10-28,1
2012-10-27,10
2012-10-26,5
2012-10-25,10
2012-10-24,1
2012-10-23,3
2012-10-22,7
2012-10-21,5
2012-10-20,7
2012-10-19,5
2012-10-18,6
2012-10-17,10
2012-10-16,5
2012-10-15,7
2012-10-14,3
2012-10-13,9
2012-10-12,7
2012-10-11,6
2012-10-10,6
2012-10-09,3
2012-10-08,0
2012-10-07,3
2012-10-06,2
2012-10-05,6
2012-10-04,8
2012-10-03,10
2012-10-02,2
2012-10-01,0
2012-09-30,9
2012-09-29,6
2012-09-28,6
2012-09-27,1
2012-09-26,0
2012-09-25,10
2012-09-24,6
2012-09-23,9
2012-09-22,9
2012-09-21,6
2012-09-20,6
2012-09-19,9
2012-09-18,1
2012-09-17,4
2012-09-16,3
2012-09-15,7
2012-09-14,5
2012-09-13,1
2012-09-12,0
2012-09-11,0
2012-09-10,8
2012-09-09,6
2012-09-08,1
2012-09-07,3
2012-09-06,2
2012-09-05,9
2012-09-04,9
2012-09-03,0
2012-09-02,5
2012-09-01,9
2012-08-31,8
2012-08-30,0
2012-08-29,3
2012-08-28,4
